,Compound,Date,Media Source,Negative,Neutral,Positive,Tweets Ago
0,0.4588,Mon Jan 08 07:38:10 +0000 2018,BBC,0.667,0.0,0.333,1
1,0.2263,Sun Jan 07 20:03:03 +0000 2018,BBC,0.734,0.107,0.158,2
2,0.7351,Sun Jan 07 19:30:04 +0000 2018,BBC,0.721,0.0,0.279,3
3,0.0,Sun Jan 07 19:25:10 +0000 2018,BBC,1.0,0.0,0.0,4
4,0.0,Sun Jan 07 19:22:48 +0000 2018,BBC,1.0,0.0,0.0,5
5,0.0,Sun Jan 07 19:19:39 +0000 2018,BBC,1.0,0.0,0.0,6
6,-0.1531,Sun Jan 07 19:18:56 +0000 2018,BBC,0.926,0.074,0.0,7
7,0.3612,Sun Jan 07 19:00:05 +0000 2018,BBC,0.898,0.0,0.102,8
8,0.0,Sun Jan 07 18:32:03 +0000 2018,BBC,1.0,0.0,0.0,9
9,0.6369,Sun Jan 07 17:59:05 +0000 2018,BBC,0.682,0.0,0.318,10
10,0.4215,Sun Jan 07 17:19:01 +0000 2018,BBC,0.797,0.0,0.203,11
11,0.128,Sun Jan 07 16:53:27 +0000 2018,BBC,0.359,0.308,0.333,12
12,-0.0258,Sun Jan 07 16:34:03 +0000 2018,BBC,0.695,0.155,0.15,13
13,0.5859,Sun Jan 07 16:31:59 +0000 2018,BBC,0.612,0.0,0.388,14
14,0.6369,Sun Jan 07 16:31:55 +0000 2018,BBC,0.769,0.0,0.231,15
15,0.0,Sun Jan 07 16:31:45 +0000 2018,BBC,1.0,0.0,0.0,16
16,0.4019,Sun Jan 07 16:31:39 +0000 2018,BBC,0.828,0.0,0.172,17
17,0.0,Sun Jan 07 16:30:09 +0000 2018,BBC,1.0,0.0,0.0,18
18,0.0,Sun Jan 07 16:27:07 +0000 2018,BBC,1.0,0.0,0.0,19
19,0.0,Sun Jan 07 16:25:04 +0000 2018,BBC,1.0,0.0,0.0,20
20,0.4588,Mon Jan 08 07:38:10 +0000 2018,BBC,0.667,0.0,0.333,21
21,0.2263,Sun Jan 07 20:03:03 +0000 2018,BBC,0.734,0.107,0.158,22
22,0.7351,Sun Jan 07 19:30:04 +0000 2018,BBC,0.721,0.0,0.279,23
23,0.0,Sun Jan 07 19:25:10 +0000 2018,BBC,1.0,0.0,0.0,24
24,0.0,Sun Jan 07 19:22:48 +0000 2018,BBC,1.0,0.0,0.0,25
25,0.0,Sun Jan 07 19:19:39 +0000 2018,BBC,1.0,0.0,0.0,26
26,-0.1531,Sun Jan 07 19:18:56 +0000 2018,BBC,0.926,0.074,0.0,27
27,0.3612,Sun Jan 07 19:00:05 +0000 2018,BBC,0.898,0.0,0.102,28
28,0.0,Sun Jan 07 18:32:03 +0000 2018,BBC,1.0,0.0,0.0,29
29,0.6369,Sun Jan 07 17:59:05 +0000 2018,BBC,0.682,0.0,0.318,30
30,0.4215,Sun Jan 07 17:19:01 +0000 2018,BBC,0.797,0.0,0.203,31
31,0.128,Sun Jan 07 16:53:27 +0000 2018,BBC,0.359,0.308,0.333,32
32,-0.0258,Sun Jan 07 16:34:03 +0000 2018,BBC,0.695,0.155,0.15,33
33,0.5859,Sun Jan 07 16:31:59 +0000 2018,BBC,0.612,0.0,0.388,34
34,0.6369,Sun Jan 07 16:31:55 +0000 2018,BBC,0.769,0.0,0.231,35
35,0.0,Sun Jan 07 16:31:45 +0000 2018,BBC,1.0,0.0,0.0,36
36,0.4019,Sun Jan 07 16:31:39 +0000 2018,BBC,0.828,0.0,0.172,37
37,0.0,Sun Jan 07 16:30:09 +0000 2018,BBC,1.0,0.0,0.0,38
38,0.0,Sun Jan 07 16:27:07 +0000 2018,BBC,1.0,0.0,0.0,39
39,0.0,Sun Jan 07 16:25:04 +0000 2018,BBC,1.0,0.0,0.0,40
40,0.4588,Mon Jan 08 07:38:10 +0000 2018,BBC,0.667,0.0,0.333,41
41,0.2263,Sun Jan 07 20:03:03 +0000 2018,BBC,0.734,0.107,0.158,42
42,0.7351,Sun Jan 07 19:30:04 +0000 2018,BBC,0.721,0.0,0.279,43
43,0.0,Sun Jan 07 19:25:10 +0000 2018,BBC,1.0,0.0,0.0,44
44,0.0,Sun Jan 07 19:22:48 +0000 2018,BBC,1.0,0.0,0.0,45
45,0.0,Sun Jan 07 19:19:39 +0000 2018,BBC,1.0,0.0,0.0,46
46,-0.1531,Sun Jan 07 19:18:56 +0000 2018,BBC,0.926,0.074,0.0,47
47,0.3612,Sun Jan 07 19:00:05 +0000 2018,BBC,0.898,0.0,0.102,48
48,0.0,Sun Jan 07 18:32:03 +0000 2018,BBC,1.0,0.0,0.0,49
49,0.6369,Sun Jan 07 17:59:05 +0000 2018,BBC,0.682,0.0,0.318,50
50,0.4215,Sun Jan 07 17:19:01 +0000 2018,BBC,0.797,0.0,0.203,51
51,0.128,Sun Jan 07 16:53:27 +0000 2018,BBC,0.359,0.308,0.333,52
52,-0.0258,Sun Jan 07 16:34:03 +0000 2018,BBC,0.695,0.155,0.15,53
53,0.5859,Sun Jan 07 16:31:59 +0000 2018,BBC,0.612,0.0,0.388,54
54,0.6369,Sun Jan 07 16:31:55 +0000 2018,BBC,0.769,0.0,0.231,55
55,0.0,Sun Jan 07 16:31:45 +0000 2018,BBC,1.0,0.0,0.0,56
56,0.4019,Sun Jan 07 16:31:39 +0000 2018,BBC,0.828,0.0,0.172,57
57,0.0,Sun Jan 07 16:30:09 +0000 2018,BBC,1.0,0.0,0.0,58
58,0.0,Sun Jan 07 16:27:07 +0000 2018,BBC,1.0,0.0,0.0,59
59,0.0,Sun Jan 07 16:25:04 +0000 2018,BBC,1.0,0.0,0.0,60
60,0.4588,Mon Jan 08 07:38:10 +0000 2018,BBC,0.667,0.0,0.333,61
61,0.2263,Sun Jan 07 20:03:03 +0000 2018,BBC,0.734,0.107,0.158,62
62,0.7351,Sun Jan 07 19:30:04 +0000 2018,BBC,0.721,0.0,0.279,63
63,0.0,Sun Jan 07 19:25:10 +0000 2018,BBC,1.0,0.0,0.0,64
64,0.0,Sun Jan 07 19:22:48 +0000 2018,BBC,1.0,0.0,0.0,65
65,0.0,Sun Jan 07 19:19:39 +0000 2018,BBC,1.0,0.0,0.0,66
66,-0.1531,Sun Jan 07 19:18:56 +0000 2018,BBC,0.926,0.074,0.0,67
67,0.3612,Sun Jan 07 19:00:05 +0000 2018,BBC,0.898,0.0,0.102,68
68,0.0,Sun Jan 07 18:32:03 +0000 2018,BBC,1.0,0.0,0.0,69
69,0.6369,Sun Jan 07 17:59:05 +0000 2018,BBC,0.682,0.0,0.318,70
70,0.4215,Sun Jan 07 17:19:01 +0000 2018,BBC,0.797,0.0,0.203,71
71,0.128,Sun Jan 07 16:53:27 +0000 2018,BBC,0.359,0.308,0.333,72
72,-0.0258,Sun Jan 07 16:34:03 +0000 2018,BBC,0.695,0.155,0.15,73
73,0.5859,Sun Jan 07 16:31:59 +0000 2018,BBC,0.612,0.0,0.388,74
74,0.6369,Sun Jan 07 16:31:55 +0000 2018,BBC,0.769,0.0,0.231,75
75,0.0,Sun Jan 07 16:31:45 +0000 2018,BBC,1.0,0.0,0.0,76
76,0.4019,Sun Jan 07 16:31:39 +0000 2018,BBC,0.828,0.0,0.172,77
77,0.0,Sun Jan 07 16:30:09 +0000 2018,BBC,1.0,0.0,0.0,78
78,0.0,Sun Jan 07 16:27:07 +0000 2018,BBC,1.0,0.0,0.0,79
79,0.0,Sun Jan 07 16:25:04 +0000 2018,BBC,1.0,0.0,0.0,80
80,0.4588,Mon Jan 08 07:38:10 +0000 2018,BBC,0.667,0.0,0.333,81
81,0.2263,Sun Jan 07 20:03:03 +0000 2018,BBC,0.734,0.107,0.158,82
82,0.7351,Sun Jan 07 19:30:04 +0000 2018,BBC,0.721,0.0,0.279,83
83,0.0,Sun Jan 07 19:25:10 +0000 2018,BBC,1.0,0.0,0.0,84
84,0.0,Sun Jan 07 19:22:48 +0000 2018,BBC,1.0,0.0,0.0,85
85,0.0,Sun Jan 07 19:19:39 +0000 2018,BBC,1.0,0.0,0.0,86
86,-0.1531,Sun Jan 07 19:18:56 +0000 2018,BBC,0.926,0.074,0.0,87
87,0.3612,Sun Jan 07 19:00:05 +0000 2018,BBC,0.898,0.0,0.102,88
88,0.0,Sun Jan 07 18:32:03 +0000 2018,BBC,1.0,0.0,0.0,89
89,0.6369,Sun Jan 07 17:59:05 +0000 2018,BBC,0.682,0.0,0.318,90
90,0.4215,Sun Jan 07 17:19:01 +0000 2018,BBC,0.797,0.0,0.203,91
91,0.128,Sun Jan 07 16:53:27 +0000 2018,BBC,0.359,0.308,0.333,92
92,-0.0258,Sun Jan 07 16:34:03 +0000 2018,BBC,0.695,0.155,0.15,93
93,0.5859,Sun Jan 07 16:31:59 +0000 2018,BBC,0.612,0.0,0.388,94
94,0.6369,Sun Jan 07 16:31:55 +0000 2018,BBC,0.769,0.0,0.231,95
95,0.0,Sun Jan 07 16:31:45 +0000 2018,BBC,1.0,0.0,0.0,96
96,0.4019,Sun Jan 07 16:31:39 +0000 2018,BBC,0.828,0.0,0.172,97
97,0.0,Sun Jan 07 16:30:09 +0000 2018,BBC,1.0,0.0,0.0,98
98,0.0,Sun Jan 07 16:27:07 +0000 2018,BBC,1.0,0.0,0.0,99
99,0.0,Sun Jan 07 16:25:04 +0000 2018,BBC,1.0,0.0,0.0,100
100,0.0,Mon Jan 08 00:29:51 +0000 2018,CBS,1.0,0.0,0.0,1
101,0.0,Sat Jan 06 20:05:17 +0000 2018,CBS,1.0,0.0,0.0,2
102,0.8271,Sat Jan 06 19:04:08 +0000 2018,CBS,0.686,0.0,0.314,3
103,-0.7717,Sat Jan 06 19:03:38 +0000 2018,CBS,0.774,0.226,0.0,4
104,0.0,Sat Jan 06 00:37:55 +0000 2018,CBS,1.0,0.0,0.0,5
105,0.0,Sat Jan 06 00:30:53 +0000 2018,CBS,1.0,0.0,0.0,6
106,0.0,Fri Jan 05 18:30:42 +0000 2018,CBS,1.0,0.0,0.0,7
107,0.0,Fri Jan 05 16:05:58 +0000 2018,CBS,1.0,0.0,0.0,8
108,0.1867,Thu Jan 04 23:13:02 +0000 2018,CBS,0.89,0.0,0.11,9
109,-0.296,Thu Jan 04 14:43:09 +0000 2018,CBS,0.879,0.121,0.0,10
110,0.5423,Wed Jan 03 20:33:09 +0000 2018,CBS,0.821,0.0,0.179,11
111,-0.5267,Wed Jan 03 19:51:15 +0000 2018,CBS,0.833,0.167,0.0,12
112,0.5423,Wed Jan 03 15:00:05 +0000 2018,CBS,0.857,0.0,0.143,13
113,0.0,Wed Jan 03 12:00:01 +0000 2018,CBS,1.0,0.0,0.0,14
114,-0.7692,Wed Jan 03 00:47:26 +0000 2018,CBS,0.733,0.267,0.0,15
115,0.8516,Tue Jan 02 22:41:51 +0000 2018,CBS,0.66,0.0,0.34,16
116,0.0,Tue Jan 02 08:00:03 +0000 2018,CBS,1.0,0.0,0.0,17
117,0.0,Mon Jan 01 01:16:12 +0000 2018,CBS,1.0,0.0,0.0,18
118,0.7798,Sun Dec 31 14:37:05 +0000 2017,CBS,0.736,0.0,0.264,19
119,0.0,Sat Dec 30 20:25:20 +0000 2017,CBS,1.0,0.0,0.0,20
120,0.0,Mon Jan 08 00:29:51 +0000 2018,CBS,1.0,0.0,0.0,21
121,0.0,Sat Jan 06 20:05:17 +0000 2018,CBS,1.0,0.0,0.0,22
122,0.8271,Sat Jan 06 19:04:08 +0000 2018,CBS,0.686,0.0,0.314,23
123,-0.7717,Sat Jan 06 19:03:38 +0000 2018,CBS,0.774,0.226,0.0,24
124,0.0,Sat Jan 06 00:37:55 +0000 2018,CBS,1.0,0.0,0.0,25
125,0.0,Sat Jan 06 00:30:53 +0000 2018,CBS,1.0,0.0,0.0,26
126,0.0,Fri Jan 05 18:30:42 +0000 2018,CBS,1.0,0.0,0.0,27
127,0.0,Fri Jan 05 16:05:58 +0000 2018,CBS,1.0,0.0,0.0,28
128,0.1867,Thu Jan 04 23:13:02 +0000 2018,CBS,0.89,0.0,0.11,29
129,-0.296,Thu Jan 04 14:43:09 +0000 2018,CBS,0.879,0.121,0.0,30
130,0.5423,Wed Jan 03 20:33:09 +0000 2018,CBS,0.821,0.0,0.179,31
131,-0.5267,Wed Jan 03 19:51:15 +0000 2018,CBS,0.833,0.167,0.0,32
132,0.5423,Wed Jan 03 15:00:05 +0000 2018,CBS,0.857,0.0,0.143,33
133,0.0,Wed Jan 03 12:00:01 +0000 2018,CBS,1.0,0.0,0.0,34
134,-0.7692,Wed Jan 03 00:47:26 +0000 2018,CBS,0.733,0.267,0.0,35
135,0.8516,Tue Jan 02 22:41:51 +0000 2018,CBS,0.66,0.0,0.34,36
136,0.0,Tue Jan 02 08:00:03 +0000 2018,CBS,1.0,0.0,0.0,37
137,0.0,Mon Jan 01 01:16:12 +0000 2018,CBS,1.0,0.0,0.0,38
138,0.7798,Sun Dec 31 14:37:05 +0000 2017,CBS,0.736,0.0,0.264,39
139,0.0,Sat Dec 30 20:25:20 +0000 2017,CBS,1.0,0.0,0.0,40
140,0.0,Mon Jan 08 00:29:51 +0000 2018,CBS,1.0,0.0,0.0,41
141,0.0,Sat Jan 06 20:05:17 +0000 2018,CBS,1.0,0.0,0.0,42
142,0.8271,Sat Jan 06 19:04:08 +0000 2018,CBS,0.686,0.0,0.314,43
143,-0.7717,Sat Jan 06 19:03:38 +0000 2018,CBS,0.774,0.226,0.0,44
144,0.0,Sat Jan 06 00:37:55 +0000 2018,CBS,1.0,0.0,0.0,45
145,0.0,Sat Jan 06 00:30:53 +0000 2018,CBS,1.0,0.0,0.0,46
146,0.0,Fri Jan 05 18:30:42 +0000 2018,CBS,1.0,0.0,0.0,47
147,0.0,Fri Jan 05 16:05:58 +0000 2018,CBS,1.0,0.0,0.0,48
148,0.1867,Thu Jan 04 23:13:02 +0000 2018,CBS,0.89,0.0,0.11,49
149,-0.296,Thu Jan 04 14:43:09 +0000 2018,CBS,0.879,0.121,0.0,50
150,0.5423,Wed Jan 03 20:33:09 +0000 2018,CBS,0.821,0.0,0.179,51
151,-0.5267,Wed Jan 03 19:51:15 +0000 2018,CBS,0.833,0.167,0.0,52
152,0.5423,Wed Jan 03 15:00:05 +0000 2018,CBS,0.857,0.0,0.143,53
153,0.0,Wed Jan 03 12:00:01 +0000 2018,CBS,1.0,0.0,0.0,54
154,-0.7692,Wed Jan 03 00:47:26 +0000 2018,CBS,0.733,0.267,0.0,55
155,0.8516,Tue Jan 02 22:41:51 +0000 2018,CBS,0.66,0.0,0.34,56
156,0.0,Tue Jan 02 08:00:03 +0000 2018,CBS,1.0,0.0,0.0,57
157,0.0,Mon Jan 01 01:16:12 +0000 2018,CBS,1.0,0.0,0.0,58
158,0.7798,Sun Dec 31 14:37:05 +0000 2017,CBS,0.736,0.0,0.264,59
159,0.0,Sat Dec 30 20:25:20 +0000 2017,CBS,1.0,0.0,0.0,60
160,0.0,Mon Jan 08 00:29:51 +0000 2018,CBS,1.0,0.0,0.0,61
161,0.0,Sat Jan 06 20:05:17 +0000 2018,CBS,1.0,0.0,0.0,62
162,0.8271,Sat Jan 06 19:04:08 +0000 2018,CBS,0.686,0.0,0.314,63
163,-0.7717,Sat Jan 06 19:03:38 +0000 2018,CBS,0.774,0.226,0.0,64
164,0.0,Sat Jan 06 00:37:55 +0000 2018,CBS,1.0,0.0,0.0,65
165,0.0,Sat Jan 06 00:30:53 +0000 2018,CBS,1.0,0.0,0.0,66
166,0.0,Fri Jan 05 18:30:42 +0000 2018,CBS,1.0,0.0,0.0,67
167,0.0,Fri Jan 05 16:05:58 +0000 2018,CBS,1.0,0.0,0.0,68
168,0.1867,Thu Jan 04 23:13:02 +0000 2018,CBS,0.89,0.0,0.11,69
169,-0.296,Thu Jan 04 14:43:09 +0000 2018,CBS,0.879,0.121,0.0,70
170,0.5423,Wed Jan 03 20:33:09 +0000 2018,CBS,0.821,0.0,0.179,71
171,-0.5267,Wed Jan 03 19:51:15 +0000 2018,CBS,0.833,0.167,0.0,72
172,0.5423,Wed Jan 03 15:00:05 +0000 2018,CBS,0.857,0.0,0.143,73
173,0.0,Wed Jan 03 12:00:01 +0000 2018,CBS,1.0,0.0,0.0,74
174,-0.7692,Wed Jan 03 00:47:26 +0000 2018,CBS,0.733,0.267,0.0,75
175,0.8516,Tue Jan 02 22:41:51 +0000 2018,CBS,0.66,0.0,0.34,76
176,0.0,Tue Jan 02 08:00:03 +0000 2018,CBS,1.0,0.0,0.0,77
177,0.0,Mon Jan 01 01:16:12 +0000 2018,CBS,1.0,0.0,0.0,78
178,0.7798,Sun Dec 31 14:37:05 +0000 2017,CBS,0.736,0.0,0.264,79
179,0.0,Sat Dec 30 20:25:20 +0000 2017,CBS,1.0,0.0,0.0,80
180,0.0,Mon Jan 08 00:29:51 +0000 2018,CBS,1.0,0.0,0.0,81
181,0.0,Sat Jan 06 20:05:17 +0000 2018,CBS,1.0,0.0,0.0,82
182,0.8271,Sat Jan 06 19:04:08 +0000 2018,CBS,0.686,0.0,0.314,83
183,-0.7717,Sat Jan 06 19:03:38 +0000 2018,CBS,0.774,0.226,0.0,84
184,0.0,Sat Jan 06 00:37:55 +0000 2018,CBS,1.0,0.0,0.0,85
185,0.0,Sat Jan 06 00:30:53 +0000 2018,CBS,1.0,0.0,0.0,86
186,0.0,Fri Jan 05 18:30:42 +0000 2018,CBS,1.0,0.0,0.0,87
187,0.0,Fri Jan 05 16:05:58 +0000 2018,CBS,1.0,0.0,0.0,88
188,0.1867,Thu Jan 04 23:13:02 +0000 2018,CBS,0.89,0.0,0.11,89
189,-0.296,Thu Jan 04 14:43:09 +0000 2018,CBS,0.879,0.121,0.0,90
190,0.5423,Wed Jan 03 20:33:09 +0000 2018,CBS,0.821,0.0,0.179,91
191,-0.5267,Wed Jan 03 19:51:15 +0000 2018,CBS,0.833,0.167,0.0,92
192,0.5423,Wed Jan 03 15:00:05 +0000 2018,CBS,0.857,0.0,0.143,93
193,0.0,Wed Jan 03 12:00:01 +0000 2018,CBS,1.0,0.0,0.0,94
194,-0.7692,Wed Jan 03 00:47:26 +0000 2018,CBS,0.733,0.267,0.0,95
195,0.8516,Tue Jan 02 22:41:51 +0000 2018,CBS,0.66,0.0,0.34,96
196,0.0,Tue Jan 02 08:00:03 +0000 2018,CBS,1.0,0.0,0.0,97
197,0.0,Mon Jan 01 01:16:12 +0000 2018,CBS,1.0,0.0,0.0,98
198,0.7798,Sun Dec 31 14:37:05 +0000 2017,CBS,0.736,0.0,0.264,99
199,0.0,Sat Dec 30 20:25:20 +0000 2017,CBS,1.0,0.0,0.0,100
200,-0.5267,Mon Jan 08 07:45:10 +0000 2018,CNN,0.703,0.215,0.082,1
201,0.0,Mon Jan 08 07:30:18 +0000 2018,CNN,1.0,0.0,0.0,2
202,-0.6124,Mon Jan 08 07:30:10 +0000 2018,CNN,0.688,0.312,0.0,3
203,0.0,Mon Jan 08 07:15:21 +0000 2018,CNN,1.0,0.0,0.0,4
204,-0.3182,Mon Jan 08 07:00:20 +0000 2018,CNN,0.892,0.108,0.0,5
205,0.4588,Mon Jan 08 06:45:06 +0000 2018,CNN,0.857,0.0,0.143,6
206,0.0,Mon Jan 08 06:42:00 +0000 2018,CNN,1.0,0.0,0.0,7
207,-0.34,Mon Jan 08 06:34:17 +0000 2018,CNN,0.888,0.112,0.0,8
208,-0.3626,Mon Jan 08 06:30:51 +0000 2018,CNN,0.838,0.162,0.0,9
209,0.3597,Mon Jan 08 06:30:13 +0000 2018,CNN,0.849,0.0,0.151,10
210,0.5719,Mon Jan 08 06:20:07 +0000 2018,CNN,0.73,0.0,0.27,11
211,0.0,Mon Jan 08 06:15:07 +0000 2018,CNN,1.0,0.0,0.0,12
212,0.0,Mon Jan 08 06:04:30 +0000 2018,CNN,1.0,0.0,0.0,13
213,-0.4927,Mon Jan 08 06:02:02 +0000 2018,CNN,0.856,0.144,0.0,14
214,0.0,Mon Jan 08 05:56:54 +0000 2018,CNN,1.0,0.0,0.0,15
215,0.4215,Mon Jan 08 05:43:42 +0000 2018,CNN,0.763,0.0,0.237,16
216,0.5574,Mon Jan 08 05:39:08 +0000 2018,CNN,0.82,0.0,0.18,17
217,0.4215,Mon Jan 08 05:30:09 +0000 2018,CNN,0.859,0.0,0.141,18
218,0.0,Mon Jan 08 05:26:03 +0000 2018,CNN,1.0,0.0,0.0,19
219,0.4767,Mon Jan 08 05:19:35 +0000 2018,CNN,0.744,0.0,0.256,20
220,-0.5267,Mon Jan 08 07:45:10 +0000 2018,CNN,0.703,0.215,0.082,21
221,0.0,Mon Jan 08 07:30:18 +0000 2018,CNN,1.0,0.0,0.0,22
222,-0.6124,Mon Jan 08 07:30:10 +0000 2018,CNN,0.688,0.312,0.0,23
223,0.0,Mon Jan 08 07:15:21 +0000 2018,CNN,1.0,0.0,0.0,24
224,-0.3182,Mon Jan 08 07:00:20 +0000 2018,CNN,0.892,0.108,0.0,25
225,0.4588,Mon Jan 08 06:45:06 +0000 2018,CNN,0.857,0.0,0.143,26
226,0.0,Mon Jan 08 06:42:00 +0000 2018,CNN,1.0,0.0,0.0,27
227,-0.34,Mon Jan 08 06:34:17 +0000 2018,CNN,0.888,0.112,0.0,28
228,-0.3626,Mon Jan 08 06:30:51 +0000 2018,CNN,0.838,0.162,0.0,29
229,0.3597,Mon Jan 08 06:30:13 +0000 2018,CNN,0.849,0.0,0.151,30
230,0.5719,Mon Jan 08 06:20:07 +0000 2018,CNN,0.73,0.0,0.27,31
231,0.0,Mon Jan 08 06:15:07 +0000 2018,CNN,1.0,0.0,0.0,32
232,0.0,Mon Jan 08 06:04:30 +0000 2018,CNN,1.0,0.0,0.0,33
233,-0.4927,Mon Jan 08 06:02:02 +0000 2018,CNN,0.856,0.144,0.0,34
234,0.0,Mon Jan 08 05:56:54 +0000 2018,CNN,1.0,0.0,0.0,35
235,0.4215,Mon Jan 08 05:43:42 +0000 2018,CNN,0.763,0.0,0.237,36
236,0.5574,Mon Jan 08 05:39:08 +0000 2018,CNN,0.82,0.0,0.18,37
237,0.4215,Mon Jan 08 05:30:09 +0000 2018,CNN,0.859,0.0,0.141,38
238,0.0,Mon Jan 08 05:26:03 +0000 2018,CNN,1.0,0.0,0.0,39
239,0.4767,Mon Jan 08 05:19:35 +0000 2018,CNN,0.744,0.0,0.256,40
240,-0.5267,Mon Jan 08 07:45:10 +0000 2018,CNN,0.703,0.215,0.082,41
241,0.0,Mon Jan 08 07:30:18 +0000 2018,CNN,1.0,0.0,0.0,42
242,-0.6124,Mon Jan 08 07:30:10 +0000 2018,CNN,0.688,0.312,0.0,43
243,0.0,Mon Jan 08 07:15:21 +0000 2018,CNN,1.0,0.0,0.0,44
244,-0.3182,Mon Jan 08 07:00:20 +0000 2018,CNN,0.892,0.108,0.0,45
245,0.4588,Mon Jan 08 06:45:06 +0000 2018,CNN,0.857,0.0,0.143,46
246,0.0,Mon Jan 08 06:42:00 +0000 2018,CNN,1.0,0.0,0.0,47
247,-0.34,Mon Jan 08 06:34:17 +0000 2018,CNN,0.888,0.112,0.0,48
248,-0.3626,Mon Jan 08 06:30:51 +0000 2018,CNN,0.838,0.162,0.0,49
249,0.3597,Mon Jan 08 06:30:13 +0000 2018,CNN,0.849,0.0,0.151,50
250,0.5719,Mon Jan 08 06:20:07 +0000 2018,CNN,0.73,0.0,0.27,51
251,0.0,Mon Jan 08 06:15:07 +0000 2018,CNN,1.0,0.0,0.0,52
252,0.0,Mon Jan 08 06:04:30 +0000 2018,CNN,1.0,0.0,0.0,53
253,-0.4927,Mon Jan 08 06:02:02 +0000 2018,CNN,0.856,0.144,0.0,54
254,0.0,Mon Jan 08 05:56:54 +0000 2018,CNN,1.0,0.0,0.0,55
255,0.4215,Mon Jan 08 05:43:42 +0000 2018,CNN,0.763,0.0,0.237,56
256,0.5574,Mon Jan 08 05:39:08 +0000 2018,CNN,0.82,0.0,0.18,57
257,0.4215,Mon Jan 08 05:30:09 +0000 2018,CNN,0.859,0.0,0.141,58
258,0.0,Mon Jan 08 05:26:03 +0000 2018,CNN,1.0,0.0,0.0,59
259,0.4767,Mon Jan 08 05:19:35 +0000 2018,CNN,0.744,0.0,0.256,60
260,-0.5267,Mon Jan 08 07:45:10 +0000 2018,CNN,0.703,0.215,0.082,61
261,0.0,Mon Jan 08 07:30:18 +0000 2018,CNN,1.0,0.0,0.0,62
262,-0.6124,Mon Jan 08 07:30:10 +0000 2018,CNN,0.688,0.312,0.0,63
263,0.0,Mon Jan 08 07:15:21 +0000 2018,CNN,1.0,0.0,0.0,64
264,-0.3182,Mon Jan 08 07:00:20 +0000 2018,CNN,0.892,0.108,0.0,65
265,0.4588,Mon Jan 08 06:45:06 +0000 2018,CNN,0.857,0.0,0.143,66
266,0.0,Mon Jan 08 06:42:00 +0000 2018,CNN,1.0,0.0,0.0,67
267,-0.34,Mon Jan 08 06:34:17 +0000 2018,CNN,0.888,0.112,0.0,68
268,-0.3626,Mon Jan 08 06:30:51 +0000 2018,CNN,0.838,0.162,0.0,69
269,0.3597,Mon Jan 08 06:30:13 +0000 2018,CNN,0.849,0.0,0.151,70
270,0.5719,Mon Jan 08 06:20:07 +0000 2018,CNN,0.73,0.0,0.27,71
271,0.0,Mon Jan 08 06:15:07 +0000 2018,CNN,1.0,0.0,0.0,72
272,0.0,Mon Jan 08 06:04:30 +0000 2018,CNN,1.0,0.0,0.0,73
273,-0.4927,Mon Jan 08 06:02:02 +0000 2018,CNN,0.856,0.144,0.0,74
274,0.0,Mon Jan 08 05:56:54 +0000 2018,CNN,1.0,0.0,0.0,75
275,0.4215,Mon Jan 08 05:43:42 +0000 2018,CNN,0.763,0.0,0.237,76
276,0.5574,Mon Jan 08 05:39:08 +0000 2018,CNN,0.82,0.0,0.18,77
277,0.4215,Mon Jan 08 05:30:09 +0000 2018,CNN,0.859,0.0,0.141,78
278,0.0,Mon Jan 08 05:26:03 +0000 2018,CNN,1.0,0.0,0.0,79
279,0.4767,Mon Jan 08 05:19:35 +0000 2018,CNN,0.744,0.0,0.256,80
280,-0.5267,Mon Jan 08 07:45:10 +0000 2018,CNN,0.703,0.215,0.082,81
281,0.0,Mon Jan 08 07:30:18 +0000 2018,CNN,1.0,0.0,0.0,82
282,-0.6124,Mon Jan 08 07:30:10 +0000 2018,CNN,0.688,0.312,0.0,83
283,0.0,Mon Jan 08 07:15:21 +0000 2018,CNN,1.0,0.0,0.0,84
284,-0.3182,Mon Jan 08 07:00:20 +0000 2018,CNN,0.892,0.108,0.0,85
285,0.4588,Mon Jan 08 06:45:06 +0000 2018,CNN,0.857,0.0,0.143,86
286,0.0,Mon Jan 08 06:42:00 +0000 2018,CNN,1.0,0.0,0.0,87
287,-0.34,Mon Jan 08 06:34:17 +0000 2018,CNN,0.888,0.112,0.0,88
288,-0.3626,Mon Jan 08 06:30:51 +0000 2018,CNN,0.838,0.162,0.0,89
289,0.3597,Mon Jan 08 06:30:13 +0000 2018,CNN,0.849,0.0,0.151,90
290,0.5719,Mon Jan 08 06:20:07 +0000 2018,CNN,0.73,0.0,0.27,91
291,0.0,Mon Jan 08 06:15:07 +0000 2018,CNN,1.0,0.0,0.0,92
292,0.0,Mon Jan 08 06:04:30 +0000 2018,CNN,1.0,0.0,0.0,93
293,-0.4927,Mon Jan 08 06:02:02 +0000 2018,CNN,0.856,0.144,0.0,94
294,0.0,Mon Jan 08 05:56:54 +0000 2018,CNN,1.0,0.0,0.0,95
295,0.4215,Mon Jan 08 05:43:42 +0000 2018,CNN,0.763,0.0,0.237,96
296,0.5574,Mon Jan 08 05:39:08 +0000 2018,CNN,0.82,0.0,0.18,97
297,0.4215,Mon Jan 08 05:30:09 +0000 2018,CNN,0.859,0.0,0.141,98
298,0.0,Mon Jan 08 05:26:03 +0000 2018,CNN,1.0,0.0,0.0,99
299,0.4767,Mon Jan 08 05:19:35 +0000 2018,CNN,0.744,0.0,0.256,100
300,0.0,Mon Jan 08 07:22:13 +0000 2018,Fox,1.0,0.0,0.0,1
301,0.296,Mon Jan 08 05:11:05 +0000 2018,Fox,0.901,0.0,0.099,2
302,0.3182,Mon Jan 08 05:08:00 +0000 2018,Fox,0.909,0.0,0.091,3
303,0.802,Mon Jan 08 05:04:22 +0000 2018,Fox,0.455,0.0,0.545,4
304,0.0,Sun Jan 07 23:36:57 +0000 2018,Fox,1.0,0.0,0.0,5
305,-0.296,Sun Jan 07 23:17:28 +0000 2018,Fox,0.476,0.524,0.0,6
306,0.636,Sun Jan 07 23:17:08 +0000 2018,Fox,0.193,0.0,0.807,7
307,-0.6478,Sun Jan 07 23:15:04 +0000 2018,Fox,0.763,0.237,0.0,8
308,-0.5707,Sun Jan 07 23:06:14 +0000 2018,Fox,0.39,0.61,0.0,9
309,0.5267,Sun Jan 07 22:06:10 +0000 2018,Fox,0.708,0.066,0.226,10
310,-0.2862,Sun Jan 07 21:27:38 +0000 2018,Fox,0.745,0.153,0.102,11
311,0.6486,Sun Jan 07 21:23:06 +0000 2018,Fox,0.762,0.0,0.238,12
312,0.0,Sun Jan 07 06:04:08 +0000 2018,Fox,1.0,0.0,0.0,13
313,0.8122,Sun Jan 07 04:16:20 +0000 2018,Fox,0.682,0.0,0.318,14
314,0.0,Sun Jan 07 04:10:19 +0000 2018,Fox,1.0,0.0,0.0,15
315,0.4754,Sun Jan 07 03:59:03 +0000 2018,Fox,0.655,0.116,0.229,16
316,0.0772,Sun Jan 07 01:41:59 +0000 2018,Fox,0.642,0.195,0.163,17
317,0.6369,Sat Jan 06 22:42:50 +0000 2018,Fox,0.826,0.0,0.174,18
318,0.0,Sat Jan 06 22:29:07 +0000 2018,Fox,1.0,0.0,0.0,19
319,0.0,Sat Jan 06 22:24:27 +0000 2018,Fox,1.0,0.0,0.0,20
320,0.0,Mon Jan 08 07:22:13 +0000 2018,Fox,1.0,0.0,0.0,21
321,0.296,Mon Jan 08 05:11:05 +0000 2018,Fox,0.901,0.0,0.099,22
322,0.3182,Mon Jan 08 05:08:00 +0000 2018,Fox,0.909,0.0,0.091,23
323,0.802,Mon Jan 08 05:04:22 +0000 2018,Fox,0.455,0.0,0.545,24
324,0.0,Sun Jan 07 23:36:57 +0000 2018,Fox,1.0,0.0,0.0,25
325,-0.296,Sun Jan 07 23:17:28 +0000 2018,Fox,0.476,0.524,0.0,26
326,0.636,Sun Jan 07 23:17:08 +0000 2018,Fox,0.193,0.0,0.807,27
327,-0.6478,Sun Jan 07 23:15:04 +0000 2018,Fox,0.763,0.237,0.0,28
328,-0.5707,Sun Jan 07 23:06:14 +0000 2018,Fox,0.39,0.61,0.0,29
329,0.5267,Sun Jan 07 22:06:10 +0000 2018,Fox,0.708,0.066,0.226,30
330,-0.2862,Sun Jan 07 21:27:38 +0000 2018,Fox,0.745,0.153,0.102,31
331,0.6486,Sun Jan 07 21:23:06 +0000 2018,Fox,0.762,0.0,0.238,32
332,0.0,Sun Jan 07 06:04:08 +0000 2018,Fox,1.0,0.0,0.0,33
333,0.8122,Sun Jan 07 04:16:20 +0000 2018,Fox,0.682,0.0,0.318,34
334,0.0,Sun Jan 07 04:10:19 +0000 2018,Fox,1.0,0.0,0.0,35
335,0.4754,Sun Jan 07 03:59:03 +0000 2018,Fox,0.655,0.116,0.229,36
336,0.0772,Sun Jan 07 01:41:59 +0000 2018,Fox,0.642,0.195,0.163,37
337,0.6369,Sat Jan 06 22:42:50 +0000 2018,Fox,0.826,0.0,0.174,38
338,0.0,Sat Jan 06 22:29:07 +0000 2018,Fox,1.0,0.0,0.0,39
339,0.0,Sat Jan 06 22:24:27 +0000 2018,Fox,1.0,0.0,0.0,40
340,0.0,Mon Jan 08 07:22:13 +0000 2018,Fox,1.0,0.0,0.0,41
341,0.296,Mon Jan 08 05:11:05 +0000 2018,Fox,0.901,0.0,0.099,42
342,0.3182,Mon Jan 08 05:08:00 +0000 2018,Fox,0.909,0.0,0.091,43
343,0.802,Mon Jan 08 05:04:22 +0000 2018,Fox,0.455,0.0,0.545,44
344,0.0,Sun Jan 07 23:36:57 +0000 2018,Fox,1.0,0.0,0.0,45
345,-0.296,Sun Jan 07 23:17:28 +0000 2018,Fox,0.476,0.524,0.0,46
346,0.636,Sun Jan 07 23:17:08 +0000 2018,Fox,0.193,0.0,0.807,47
347,-0.6478,Sun Jan 07 23:15:04 +0000 2018,Fox,0.763,0.237,0.0,48
348,-0.5707,Sun Jan 07 23:06:14 +0000 2018,Fox,0.39,0.61,0.0,49
349,0.5267,Sun Jan 07 22:06:10 +0000 2018,Fox,0.708,0.066,0.226,50
350,-0.2862,Sun Jan 07 21:27:38 +0000 2018,Fox,0.745,0.153,0.102,51
351,0.6486,Sun Jan 07 21:23:06 +0000 2018,Fox,0.762,0.0,0.238,52
352,0.0,Sun Jan 07 06:04:08 +0000 2018,Fox,1.0,0.0,0.0,53
353,0.8122,Sun Jan 07 04:16:20 +0000 2018,Fox,0.682,0.0,0.318,54
354,0.0,Sun Jan 07 04:10:19 +0000 2018,Fox,1.0,0.0,0.0,55
355,0.4754,Sun Jan 07 03:59:03 +0000 2018,Fox,0.655,0.116,0.229,56
356,0.0772,Sun Jan 07 01:41:59 +0000 2018,Fox,0.642,0.195,0.163,57
357,0.6369,Sat Jan 06 22:42:50 +0000 2018,Fox,0.826,0.0,0.174,58
358,0.0,Sat Jan 06 22:29:07 +0000 2018,Fox,1.0,0.0,0.0,59
359,0.0,Sat Jan 06 22:24:27 +0000 2018,Fox,1.0,0.0,0.0,60
360,0.0,Mon Jan 08 07:22:13 +0000 2018,Fox,1.0,0.0,0.0,61
361,0.296,Mon Jan 08 05:11:05 +0000 2018,Fox,0.901,0.0,0.099,62
362,0.3182,Mon Jan 08 05:08:00 +0000 2018,Fox,0.909,0.0,0.091,63
363,0.802,Mon Jan 08 05:04:22 +0000 2018,Fox,0.455,0.0,0.545,64
364,0.0,Sun Jan 07 23:36:57 +0000 2018,Fox,1.0,0.0,0.0,65
365,-0.296,Sun Jan 07 23:17:28 +0000 2018,Fox,0.476,0.524,0.0,66
366,0.636,Sun Jan 07 23:17:08 +0000 2018,Fox,0.193,0.0,0.807,67
367,-0.6478,Sun Jan 07 23:15:04 +0000 2018,Fox,0.763,0.237,0.0,68
368,-0.5707,Sun Jan 07 23:06:14 +0000 2018,Fox,0.39,0.61,0.0,69
369,0.5267,Sun Jan 07 22:06:10 +0000 2018,Fox,0.708,0.066,0.226,70
370,-0.2862,Sun Jan 07 21:27:38 +0000 2018,Fox,0.745,0.153,0.102,71
371,0.6486,Sun Jan 07 21:23:06 +0000 2018,Fox,0.762,0.0,0.238,72
372,0.0,Sun Jan 07 06:04:08 +0000 2018,Fox,1.0,0.0,0.0,73
373,0.8122,Sun Jan 07 04:16:20 +0000 2018,Fox,0.682,0.0,0.318,74
374,0.0,Sun Jan 07 04:10:19 +0000 2018,Fox,1.0,0.0,0.0,75
375,0.4754,Sun Jan 07 03:59:03 +0000 2018,Fox,0.655,0.116,0.229,76
376,0.0772,Sun Jan 07 01:41:59 +0000 2018,Fox,0.642,0.195,0.163,77
377,0.6369,Sat Jan 06 22:42:50 +0000 2018,Fox,0.826,0.0,0.174,78
378,0.0,Sat Jan 06 22:29:07 +0000 2018,Fox,1.0,0.0,0.0,79
379,0.0,Sat Jan 06 22:24:27 +0000 2018,Fox,1.0,0.0,0.0,80
380,0.0,Mon Jan 08 07:22:13 +0000 2018,Fox,1.0,0.0,0.0,81
381,0.296,Mon Jan 08 05:11:05 +0000 2018,Fox,0.901,0.0,0.099,82
382,0.3182,Mon Jan 08 05:08:00 +0000 2018,Fox,0.909,0.0,0.091,83
383,0.802,Mon Jan 08 05:04:22 +0000 2018,Fox,0.455,0.0,0.545,84
384,0.0,Sun Jan 07 23:36:57 +0000 2018,Fox,1.0,0.0,0.0,85
385,-0.296,Sun Jan 07 23:17:28 +0000 2018,Fox,0.476,0.524,0.0,86
386,0.636,Sun Jan 07 23:17:08 +0000 2018,Fox,0.193,0.0,0.807,87
387,-0.6478,Sun Jan 07 23:15:04 +0000 2018,Fox,0.763,0.237,0.0,88
388,-0.5707,Sun Jan 07 23:06:14 +0000 2018,Fox,0.39,0.61,0.0,89
389,0.5267,Sun Jan 07 22:06:10 +0000 2018,Fox,0.708,0.066,0.226,90
390,-0.2862,Sun Jan 07 21:27:38 +0000 2018,Fox,0.745,0.153,0.102,91
391,0.6486,Sun Jan 07 21:23:06 +0000 2018,Fox,0.762,0.0,0.238,92
392,0.0,Sun Jan 07 06:04:08 +0000 2018,Fox,1.0,0.0,0.0,93
393,0.8122,Sun Jan 07 04:16:20 +0000 2018,Fox,0.682,0.0,0.318,94
394,0.0,Sun Jan 07 04:10:19 +0000 2018,Fox,1.0,0.0,0.0,95
395,0.4754,Sun Jan 07 03:59:03 +0000 2018,Fox,0.655,0.116,0.229,96
396,0.0772,Sun Jan 07 01:41:59 +0000 2018,Fox,0.642,0.195,0.163,97
397,0.6369,Sat Jan 06 22:42:50 +0000 2018,Fox,0.826,0.0,0.174,98
398,0.0,Sat Jan 06 22:29:07 +0000 2018,Fox,1.0,0.0,0.0,99
399,0.0,Sat Jan 06 22:24:27 +0000 2018,Fox,1.0,0.0,0.0,100
400,0.4019,Mon Jan 08 07:52:01 +0000 2018,New York TImes,0.891,0.0,0.109,1
401,0.5106,Mon Jan 08 07:37:06 +0000 2018,New York TImes,0.711,0.061,0.228,2
402,0.5719,Mon Jan 08 07:22:06 +0000 2018,New York TImes,0.709,0.0,0.291,3
403,0.5859,Mon Jan 08 07:07:03 +0000 2018,New York TImes,0.84,0.0,0.16,4
404,0.3818,Mon Jan 08 06:52:00 +0000 2018,New York TImes,0.874,0.0,0.126,5
405,0.0,Mon Jan 08 06:37:04 +0000 2018,New York TImes,1.0,0.0,0.0,6
406,-0.0516,Mon Jan 08 06:22:04 +0000 2018,New York TImes,0.84,0.084,0.076,7
407,0.6597,Mon Jan 08 06:07:27 +0000 2018,New York TImes,0.748,0.0,0.252,8
408,0.0,Mon Jan 08 05:50:44 +0000 2018,New York TImes,1.0,0.0,0.0,9
409,0.0,Mon Jan 08 05:35:18 +0000 2018,New York TImes,1.0,0.0,0.0,10
410,-0.2263,Mon Jan 08 05:23:55 +0000 2018,New York TImes,0.894,0.106,0.0,11
411,0.0,Mon Jan 08 05:09:35 +0000 2018,New York TImes,1.0,0.0,0.0,12
412,-0.5837,Mon Jan 08 04:52:06 +0000 2018,New York TImes,0.649,0.351,0.0,13
413,0.0,Mon Jan 08 04:28:03 +0000 2018,New York TImes,1.0,0.0,0.0,14
414,0.0,Mon Jan 08 04:18:00 +0000 2018,New York TImes,1.0,0.0,0.0,15
415,0.4767,Mon Jan 08 04:16:50 +0000 2018,New York TImes,0.763,0.0,0.237,16
416,0.8176,Mon Jan 08 04:11:40 +0000 2018,New York TImes,0.679,0.0,0.321,17
417,0.765,Mon Jan 08 04:07:49 +0000 2018,New York TImes,0.694,0.0,0.306,18
418,0.836,Mon Jan 08 04:06:29 +0000 2018,New York TImes,0.669,0.0,0.331,19
419,0.1531,Mon Jan 08 04:02:02 +0000 2018,New York TImes,0.885,0.0,0.115,20
420,0.4019,Mon Jan 08 07:52:01 +0000 2018,New York TImes,0.891,0.0,0.109,21
421,0.5106,Mon Jan 08 07:37:06 +0000 2018,New York TImes,0.711,0.061,0.228,22
422,0.5719,Mon Jan 08 07:22:06 +0000 2018,New York TImes,0.709,0.0,0.291,23
423,0.5859,Mon Jan 08 07:07:03 +0000 2018,New York TImes,0.84,0.0,0.16,24
424,0.3818,Mon Jan 08 06:52:00 +0000 2018,New York TImes,0.874,0.0,0.126,25
425,0.0,Mon Jan 08 06:37:04 +0000 2018,New York TImes,1.0,0.0,0.0,26
426,-0.0516,Mon Jan 08 06:22:04 +0000 2018,New York TImes,0.84,0.084,0.076,27
427,0.6597,Mon Jan 08 06:07:27 +0000 2018,New York TImes,0.748,0.0,0.252,28
428,0.0,Mon Jan 08 05:50:44 +0000 2018,New York TImes,1.0,0.0,0.0,29
429,0.0,Mon Jan 08 05:35:18 +0000 2018,New York TImes,1.0,0.0,0.0,30
430,-0.2263,Mon Jan 08 05:23:55 +0000 2018,New York TImes,0.894,0.106,0.0,31
431,0.0,Mon Jan 08 05:09:35 +0000 2018,New York TImes,1.0,0.0,0.0,32
432,-0.5837,Mon Jan 08 04:52:06 +0000 2018,New York TImes,0.649,0.351,0.0,33
433,0.0,Mon Jan 08 04:28:03 +0000 2018,New York TImes,1.0,0.0,0.0,34
434,0.0,Mon Jan 08 04:18:00 +0000 2018,New York TImes,1.0,0.0,0.0,35
435,0.4767,Mon Jan 08 04:16:50 +0000 2018,New York TImes,0.763,0.0,0.237,36
436,0.8176,Mon Jan 08 04:11:40 +0000 2018,New York TImes,0.679,0.0,0.321,37
437,0.765,Mon Jan 08 04:07:49 +0000 2018,New York TImes,0.694,0.0,0.306,38
438,0.836,Mon Jan 08 04:06:29 +0000 2018,New York TImes,0.669,0.0,0.331,39
439,0.1531,Mon Jan 08 04:02:02 +0000 2018,New York TImes,0.885,0.0,0.115,40
440,0.4019,Mon Jan 08 07:52:01 +0000 2018,New York TImes,0.891,0.0,0.109,41
441,0.5106,Mon Jan 08 07:37:06 +0000 2018,New York TImes,0.711,0.061,0.228,42
442,0.5719,Mon Jan 08 07:22:06 +0000 2018,New York TImes,0.709,0.0,0.291,43
443,0.5859,Mon Jan 08 07:07:03 +0000 2018,New York TImes,0.84,0.0,0.16,44
444,0.3818,Mon Jan 08 06:52:00 +0000 2018,New York TImes,0.874,0.0,0.126,45
445,0.0,Mon Jan 08 06:37:04 +0000 2018,New York TImes,1.0,0.0,0.0,46
446,-0.0516,Mon Jan 08 06:22:04 +0000 2018,New York TImes,0.84,0.084,0.076,47
447,0.6597,Mon Jan 08 06:07:27 +0000 2018,New York TImes,0.748,0.0,0.252,48
448,0.0,Mon Jan 08 05:50:44 +0000 2018,New York TImes,1.0,0.0,0.0,49
449,0.0,Mon Jan 08 05:35:18 +0000 2018,New York TImes,1.0,0.0,0.0,50
450,-0.2263,Mon Jan 08 05:23:55 +0000 2018,New York TImes,0.894,0.106,0.0,51
451,0.0,Mon Jan 08 05:09:35 +0000 2018,New York TImes,1.0,0.0,0.0,52
452,-0.5837,Mon Jan 08 04:52:06 +0000 2018,New York TImes,0.649,0.351,0.0,53
453,0.0,Mon Jan 08 04:28:03 +0000 2018,New York TImes,1.0,0.0,0.0,54
454,0.0,Mon Jan 08 04:18:00 +0000 2018,New York TImes,1.0,0.0,0.0,55
455,0.4767,Mon Jan 08 04:16:50 +0000 2018,New York TImes,0.763,0.0,0.237,56
456,0.8176,Mon Jan 08 04:11:40 +0000 2018,New York TImes,0.679,0.0,0.321,57
457,0.765,Mon Jan 08 04:07:49 +0000 2018,New York TImes,0.694,0.0,0.306,58
458,0.836,Mon Jan 08 04:06:29 +0000 2018,New York TImes,0.669,0.0,0.331,59
459,0.1531,Mon Jan 08 04:02:02 +0000 2018,New York TImes,0.885,0.0,0.115,60
460,0.4019,Mon Jan 08 07:52:01 +0000 2018,New York TImes,0.891,0.0,0.109,61
461,0.5106,Mon Jan 08 07:37:06 +0000 2018,New York TImes,0.711,0.061,0.228,62
462,0.5719,Mon Jan 08 07:22:06 +0000 2018,New York TImes,0.709,0.0,0.291,63
463,0.5859,Mon Jan 08 07:07:03 +0000 2018,New York TImes,0.84,0.0,0.16,64
464,0.3818,Mon Jan 08 06:52:00 +0000 2018,New York TImes,0.874,0.0,0.126,65
465,0.0,Mon Jan 08 06:37:04 +0000 2018,New York TImes,1.0,0.0,0.0,66
466,-0.0516,Mon Jan 08 06:22:04 +0000 2018,New York TImes,0.84,0.084,0.076,67
467,0.6597,Mon Jan 08 06:07:27 +0000 2018,New York TImes,0.748,0.0,0.252,68
468,0.0,Mon Jan 08 05:50:44 +0000 2018,New York TImes,1.0,0.0,0.0,69
469,0.0,Mon Jan 08 05:35:18 +0000 2018,New York TImes,1.0,0.0,0.0,70
470,-0.2263,Mon Jan 08 05:23:55 +0000 2018,New York TImes,0.894,0.106,0.0,71
471,0.0,Mon Jan 08 05:09:35 +0000 2018,New York TImes,1.0,0.0,0.0,72
472,-0.5837,Mon Jan 08 04:52:06 +0000 2018,New York TImes,0.649,0.351,0.0,73
473,0.0,Mon Jan 08 04:28:03 +0000 2018,New York TImes,1.0,0.0,0.0,74
474,0.0,Mon Jan 08 04:18:00 +0000 2018,New York TImes,1.0,0.0,0.0,75
475,0.4767,Mon Jan 08 04:16:50 +0000 2018,New York TImes,0.763,0.0,0.237,76
476,0.8176,Mon Jan 08 04:11:40 +0000 2018,New York TImes,0.679,0.0,0.321,77
477,0.765,Mon Jan 08 04:07:49 +0000 2018,New York TImes,0.694,0.0,0.306,78
478,0.836,Mon Jan 08 04:06:29 +0000 2018,New York TImes,0.669,0.0,0.331,79
479,0.1531,Mon Jan 08 04:02:02 +0000 2018,New York TImes,0.885,0.0,0.115,80
480,0.4019,Mon Jan 08 07:52:01 +0000 2018,New York TImes,0.891,0.0,0.109,81
481,0.5106,Mon Jan 08 07:37:06 +0000 2018,New York TImes,0.711,0.061,0.228,82
482,0.5719,Mon Jan 08 07:22:06 +0000 2018,New York TImes,0.709,0.0,0.291,83
483,0.5859,Mon Jan 08 07:07:03 +0000 2018,New York TImes,0.84,0.0,0.16,84
484,0.3818,Mon Jan 08 06:52:00 +0000 2018,New York TImes,0.874,0.0,0.126,85
485,0.0,Mon Jan 08 06:37:04 +0000 2018,New York TImes,1.0,0.0,0.0,86
486,-0.0516,Mon Jan 08 06:22:04 +0000 2018,New York TImes,0.84,0.084,0.076,87
487,0.6597,Mon Jan 08 06:07:27 +0000 2018,New York TImes,0.748,0.0,0.252,88
488,0.0,Mon Jan 08 05:50:44 +0000 2018,New York TImes,1.0,0.0,0.0,89
489,0.0,Mon Jan 08 05:35:18 +0000 2018,New York TImes,1.0,0.0,0.0,90
490,-0.2263,Mon Jan 08 05:23:55 +0000 2018,New York TImes,0.894,0.106,0.0,91
491,0.0,Mon Jan 08 05:09:35 +0000 2018,New York TImes,1.0,0.0,0.0,92
492,-0.5837,Mon Jan 08 04:52:06 +0000 2018,New York TImes,0.649,0.351,0.0,93
493,0.0,Mon Jan 08 04:28:03 +0000 2018,New York TImes,1.0,0.0,0.0,94
494,0.0,Mon Jan 08 04:18:00 +0000 2018,New York TImes,1.0,0.0,0.0,95
495,0.4767,Mon Jan 08 04:16:50 +0000 2018,New York TImes,0.763,0.0,0.237,96
496,0.8176,Mon Jan 08 04:11:40 +0000 2018,New York TImes,0.679,0.0,0.321,97
497,0.765,Mon Jan 08 04:07:49 +0000 2018,New York TImes,0.694,0.0,0.306,98
498,0.836,Mon Jan 08 04:06:29 +0000 2018,New York TImes,0.669,0.0,0.331,99
499,0.1531,Mon Jan 08 04:02:02 +0000 2018,New York TImes,0.885,0.0,0.115,100
